question_id,domain,question,options_json,answer,explanation,concept
1,platform,データエンジニアが customer360 というデータベースを /customer/customer360 という場所に作成する必要がある。同僚が既に作成済みかどうかは不明で、既存でもエラーにしたくない。実行すべきコマンドはどれか。,"[""CREATE DATABASE customer360 LOCATION '/customer/customer360';"",""CREATE DATABASE IF NOT EXISTS customer360;"",""CREATE DATABASE IF NOT EXISTS customer360 LOCATION '/customer/customer360'"",""CREATE DATABASE IF NOT EXISTS customer360 DELTA LOCATION '/customer/customer360'"",""CREATE DATABASE customer360 DELTA LOCATION '/customer/customer360';""]",2,既存でもエラーにしないため IF NOT EXISTS、指定パスに作るため LOCATION 句が必要。CREATE DATABASE 構文に DELTA というキーワードは存在しない。A は IF NOT EXISTS が無く既存だと失敗、B は LOCATION が無い。,DATABASE と SCHEMA は Databricks では同義語。IF NOT EXISTS は「無ければ作る」冪等な作成句で、重複作成のエラーを防ぐ。LOCATION はデータの格納場所を指定する句（省略時は所属カタログ/スキーマのマネージドロケーション）。Delta は既定のテーブル形式であり、DATABASE 作成構文にキーワードとしては現れない。
2,platform,多数のアナリストが日中に断続的にBIダッシュボードを開く。クエリへの即応（コールドスタート回避）、同時実行の自動スケール、インフラ管理不要を満たしたい。最適なコンピュートはどれか。,"[""All-purpose クラスターを1台、自動終了20分で共有する"",""ジョブクラスターをBIツールから毎回起動する"",""サーバーレス SQL ウェアハウス"",""クラシック（従来型）SQL ウェアハウスを最小サイズで常時1台"",""シングルノードの All-purpose クラスター""]",2,サーバーレス SQL ウェアハウスは起動が数秒でコールドスタートを避けられ、同時実行の自動スケールとインフラ管理不要を満たす。クラシック/プロは起動に数分かかりコールドスタート問題が残る。All-purpose/ジョブ/シングルノードはBIの同時実行に不適。,SQL ウェアハウス（旧称 SQL エンドポイント）は Databricks SQL の SQL 実行用コンピュート。種別はサーバーレス（Databricks側で管理・数秒起動・弾力的）／プロ／クラシックの順に起動が遅くなる。スケーリングは「最小〜最大クラスタ数」の範囲で、リクエストキューの予測処理時間に応じてクラスタ数が自動増減する（1クラスタのサイズ拡大とは別概念）。
3,platform,Unity Catalog で、LOCATION を明示せずにマネージドテーブルを作成した。データは物理的にどこへ格納されるか。,"[""テーブル→スキーマ→カタログ→メタストアの順で、最も近い階層に設定されたマネージドストレージの場所"",""常に DBFS ルート（dbfs:/user/hive/warehouse）"",""ドライバノードのローカルディスク"",""実行ユーザーのホームディレクトリ"",""必ずメタストアのルートのみ（下位階層の設定は無視される）""]",0,UCのマネージドテーブルは、テーブル→スキーマ→カタログ→メタストアの階層で最も近いレベルに設定されたマネージドストレージロケーションに格納される。DBFSルート固定やローカルディスク、ホームではない。,Unity Catalog は メタストア → カタログ → スキーマ → テーブル の階層。各階層に「マネージドストレージロケーション」を設定でき、マネージドテーブルはテーブルに最も近い階層の設定に格納される。マネージドテーブルはデータもUCが管理し、外部テーブル（LOCATION 明示で外部の場所を参照）と対をなす。
4,platform,多数の短時間ジョブが頻繁に起動し、そのたびのクラスター起動待ち（クラウドVM調達で数分）がボトルネックになっている。起動を高速化する最適な手段はどれか。,"[""クラスタープール（アイドルインスタンスを事前確保）を使う"",""すべてのジョブを1つの大きな常時起動クラスターに集約する"",""各ジョブのドライバをより大きいインスタンスにする"",""Photon を有効化する"",""自動終了（auto-termination）を無効化する""]",0,クラスタープールはアイドルVMを事前確保し、起動時のクラウドVM調達待ちを省いて高速化する。Photonは実行速度、ドライバ大型化や自動終了無効化は起動待ちの短縮策ではない。,クラスタープールは、待機（アイドル）状態のクラウドVMインスタンスをプールとして保持しておく機能。クラスター起動時にプールから即座にVMを割り当てるため、クラウドプロバイダのVM調達待ち（数分）を省ける。アイドルVMには Databricks の DBU 課金は発生しないが、クラウドのVM料金は発生する点に注意。
5,platform,Photon エンジンによる高速化が最も期待できる処理はどれか。,"[""Python の任意の外部ライブラリを呼び出すUDF中心の処理"",""SQL・DataFrame のネイティブ関数による集計・結合・フィルタ・書き込み"",""Scala の低レベル RDD 変換"",""ドライバ上でのシングルスレッドのループ処理"",""任意の Java UDF を多用する処理""]",1,Photon はSQL/DataFrameのネイティブ演算（集計・結合・フィルタ・書き込み等）をベクトル化して高速化する。Python/Java/Scala の UDF や RDD 低レベル処理は Photon の高速化対象外。,Photon は C++実装のベクトル化クエリ実行エンジンで、SQL/DataFrame のネイティブ演算子をまとめて処理して高速化する。ユーザー定義関数（UDF）や RDD の低レベルAPIは Photon の対象外で、その部分は通常のエンジンにフォールバックする。したがって「ネイティブ関数中心」のワークロードほど効果が大きい。
6,platform,各ワークロードに割り当てるコンピュートの組み合わせとして、コスト効率と適合性が最も良いものはどれか。,"[""本番ETL→All-purpose常時起動、対話開発→Jobクラスター、BI→シングルノード"",""本番ETL→Job（またはサーバーレスジョブ）、対話開発→All-purpose、BI→SQLウェアハウス"",""すべて All-purpose クラスターに統一する"",""本番ETL→SQLウェアハウス、対話開発→Jobクラスター、BI→Jobクラスター"",""すべてシングルノードクラスターに統一する""]",1,本番ETLはコスト効率の良いJob/サーバーレスジョブ、対話開発はAll-purpose、BI/SQLはSQLウェアハウスが定石。用途に合わないコンピュートはコスト増・性能低下を招く。,コンピュート種別の使い分け：All-purpose（汎用/対話開発、DBU単価高）、Job compute（ジョブ実行専用、実行時のみ起動しDBU単価安）、SQL ウェアハウス（BI/SQL用）、サーバーレス各種（Databricks管理・即応）。用途に合わせることでコストと性能を最適化できる。
7,ingestion,クラウドストレージ上のJSONを Auto Loader で増分取り込みし、スキーマの保存先も指定したい。正しいコードはどれか。,"[""spark.read.format('cloudFiles').option('cloudFiles.format','json').option('cloudFiles.schemaLocation', schemaPath).load(src)"",""spark.readStream.format('cloudFiles').option('cloudFiles.format','json').option('cloudFiles.schemaLocation', schemaPath).load(src)"",""spark.readStream.format('auto_loader').option('format','json').load(src)"",""spark.read.format('json').option('autoLoader','true').load(src)"",""spark.readStream.format('cloudFiles').option('format','json').load(src)""]",1,Auto Loader はストリーミング（readStream）で format を 'cloudFiles'、実ファイル形式を 'cloudFiles.format'、スキーマ保存先を 'cloudFiles.schemaLocation' に指定する。read（バッチ）や 'auto_loader'/'autoLoader'、接頭辞なしの 'format' は誤り。,Auto Loader は format('cloudFiles') で使う増分ファイル取り込み機能で、内部は Structured Streaming（readStream）。主なオプションは cloudFiles.format（実ファイル形式 json/csv/parquet 等）、cloudFiles.schemaLocation（推論スキーマの保存先）、cloudFiles.schemaEvolutionMode（スキーマ進化）。処理済みファイルを追跡し、同じディレクトリの新規ファイルだけを取り込む。
8,ingestion,S3上のParquetを既存のDeltaテーブルへ冪等に増分ロードする、正しいSQLはどれか。,"[""COPY INTO my_table FROM 's3://bucket/path' FILEFORMAT = PARQUET"",""COPY my_table FROM 's3://bucket/path' FORMAT PARQUET"",""COPY INTO my_table SELECT * FROM 's3://bucket/path'"",""LOAD DATA INTO my_table FROM 's3://bucket/path' FILEFORMAT = PARQUET"",""INSERT INTO my_table COPY FROM 's3://bucket/path'""]",0,構文は COPY INTO <table> FROM '<location>' FILEFORMAT = <format>。取り込み済みファイルを追跡して冪等に増分ロードする。COPY（INTOなし）、LOAD DATA、INSERT ... COPY は Databricks の構文ではない。,COPY INTO は SQL で冪等な増分ロードを行うコマンド。基本構文は COPY INTO <table> FROM '<location>' FILEFORMAT = <format> [FORMAT_OPTIONS (...)] [COPY_OPTIONS (...)]。既に取り込んだファイルはスキップするため、同じコマンドを再実行しても二重取り込みにならない。少量〜中量の定期バッチ向き（大量継続は Auto Loader）。
9,ingestion,1日1回、数十ファイルだけを取り込む定期バッチを、SQLで完結させたい（シンプルさ重視）。最適な方法はどれか。,"[""Auto Loader をファイル通知モードで常時ストリーミング稼働させる"",""COPY INTO"",""Structured Streaming を trigger(availableNow) で自作する"",""dbutils.fs.ls でファイル列挙し INSERT をループする"",""毎回テーブルを DROP して再作成する""]",1,少量・定期・SQL完結なら COPY INTO が最もシンプルで冪等。Auto Loader は大量・継続向けでオーバースペック。手作りループやDROP再作成は非効率・非冪等。,取り込み方式の選択基準：COPY INTO＝少量・定期・SQL完結・冪等。Auto Loader＝大量・継続・スキーマ進化が必要な場合。どちらもファイルを追跡して増分取り込みできるが、運用の複雑さとスケールで使い分ける。手作業のループやDROP再作成は冪等性・効率で劣る。
10,ingestion,本番の PostgreSQL データベースのテーブルを、変更データ（CDC）として継続的に Unity Catalog テーブルへ同期したい。最適な取り込み方法はどれか。,"[""Auto Loader（cloudFiles）でデータベースを直接読み込む"",""COPY INTO でデータベースを直接読み込む"",""Lakeflow Connect のマネージド（データベース）コネクタ"",""Delta Sharing で受信する"",""毎回 JDBC で全件読み込んで洗い替える""]",2,DBからのCDC継続同期は Lakeflow Connect のマネージドコネクタが適する。Auto Loader/COPY INTO はクラウドストレージ上のファイル用でDBは直接読めない。Delta Sharing は共有機能、全件JDBCは非効率。,Lakeflow Connect は多様なソース（SaaS、データベース等）からの取り込みを提供する機能で、標準コネクタとマネージドコネクタがある。マネージドコネクタは接続・スケジュール・CDC（変更データ取り込み）を組み込みで扱う。Auto Loader/COPY INTO はあくまでクラウドオブジェクトストレージ上のファイル向けで、DB を直接は読まない。
11,ingestion,Auto Loader を既定の schemaEvolutionMode（addNewColumns）で運用中、ソースに新しい列が現れた。既定の挙動として正しいものはどれか。,"[""ストリームが一旦失敗してスキーマ情報が更新され、再起動すると新列を含めて処理を続行する"",""新列は静かに無視され、二度と取り込まれない"",""既存データが全削除される"",""新列は自動的に破棄（drop）される"",""テーブル全体が文字列型に変換される""]",0,addNewColumns では新列検知時にストリームが一旦失敗し、schemaLocation のスキーマが更新される。再起動すると新列を含めて処理を続行する。新列の無視やデータ削除は起きない。,cloudFiles.schemaEvolutionMode の既定は addNewColumns。新列を検知するとストリームを一度失敗させ、schemaLocation のスキーマを更新する。ジョブの自動リトライ／再起動で新列を含めて継続する。想定外の列を捕捉したい場合は rescuedDataColumn（_rescued_data）に退避させる設定もある。他のモード（none/rescue 等）では挙動が変わる。
12,ingestion,取り込み時にスキーマ推論され、data は STRUCT 型（data.address.city のようにネスト）になった。ネストの city を参照する正しい式はどれか。,"[""data.address.city"",""data:address:city"",""get_json_object(data, '$.address.city')"",""explode(data).city"",""from_json(data).address.city""]",0,STRUCT 型のネストは dot 記法 data.address.city で参照する。コロン記法 data:... や get_json_object / from_json は JSON文字列（STRING）に対する構文。explode は配列展開用でネスト参照ではない。,ネスト参照の使い分け：STRUCT 型（すでに構造化済み）は dot 記法 col.field.subfield。STRING 型に入った生JSONは コロン記法 col:field.subfield や get_json_object / from_json でパースして参照する。explode は配列（ARRAY）を行に展開する関数で、ネスト構造体の参照とは用途が異なる。
13,ingestion,取り込み方式の選択として最も不適切なものはどれか（誤っているものを選ぶ）。,"[""クラウドストレージへ継続到着する大量ファイル → Auto Loader"",""SaaS（Salesforce 等）からの取り込み → Lakeflow Connect マネージドコネクタ"",""少量ファイルの定期ロード → COPY INTO"",""本番DBのCDC → Auto Loader でDBのログファイルを自作パースして取り込む"",""ネストJSONの取り込み → スキーマ推論して Delta へ格納""]",3,本番DBのCDCは Lakeflow Connect のDBコネクタを使うのが適切で、ログを自作パースするのは不適切・高コスト。他は妥当な選択。,取り込み方式はデータ量・頻度・ソース種別・ガバナンス要件で選ぶ。ストレージ上のファイル→Auto Loader/COPY INTO、SaaS/DB→Lakeflow Connect、というのが基本。DBのCDCをログ自作パースで賄うのは信頼性・保守性・コストの面で不適切で、専用のマネージドコネクタを使うべき。
14,transformation,raw_table の配列カラム items を1要素につき1行へ展開（アンネスト）し、cart_id と item_id を持つ新テーブルを作りたい。正しいコマンドはどれか。,"[""SELECT cart_id, filter(items) AS item_id FROM raw_table;"",""SELECT cart_id, flatten(items) AS item_id FROM raw_table;"",""SELECT cart_id, reduce(items) AS item_id FROM raw_table;"",""SELECT cart_id, explode(items) AS item_id FROM raw_table;"",""SELECT cart_id, slice(items) AS item_id FROM raw_table;""]",3,explode() は配列を1要素1行へ展開する。filter は条件抽出、flatten は「配列の配列」を1段平坦化、reduce は畳み込み、slice は部分配列取得で、いずれも行への展開ではない。,配列関連関数：explode（配列→複数行に展開／NULLや空は行を生成しない）、posexplode（位置付きで展開）、flatten（配列の配列を1段の配列に平坦化＝行は増やさない）、slice（部分配列）、filter/transform/reduce（高階関数で配列内を加工）。「行に増やす」のは explode 系だけ。
15,transformation,"指定スキーマ（id STRING, ts DATE, rating FLOAT）の空のDeltaテーブルを、同名テーブルの有無にかかわらず作成（あれば置き換え）したい。正しいDDLはどれか。","[""CREATE OR REPLACE TABLE t (id STRING, ts DATE, rating FLOAT)"",""CREATE TABLE IF NOT EXISTS t (id STRING, ts DATE, rating FLOAT)"",""CREATE TABLE t AS SELECT id STRING, ts DATE, rating FLOAT"",""CREATE OR REPLACE TABLE t WITH COLUMNS (id STRING, ts DATE, rating FLOAT) USING DELTA"",""REPLACE TABLE t (id STRING, ts DATE, rating FLOAT)""]",0,「有無にかかわらず作成（置き換え）」は CREATE OR REPLACE TABLE で、列は括弧内に『列名 型』を列挙する。IF NOT EXISTS は既存時に作成しない、AS SELECT は空テーブルにならない、WITH COLUMNS 構文や REPLACE TABLE 単独は誤り。,"テーブル作成DDLの使い分け：CREATE OR REPLACE TABLE（あれば置換・なければ作成／常に定義どおりにリセット）、CREATE TABLE IF NOT EXISTS（既存なら何もしない）、CREATE TABLE ... AS SELECT（CTAS＝クエリ結果でデータ入りテーブルを作成）。列定義は「(列名 型, ...)」の形式。WITH COLUMNS や REPLACE TABLE 単独は無効。"
16,transformation,"新しい1レコード (id='a1', rank=6, rating=9.4) を既存Deltaテーブル my_table に追記する、正しいSQLはどれか。","[""UPDATE VALUES ('a1', 6, 9.4) my_table"",""UPDATE my_table VALUES ('a1', 6, 9.4)"",""INSERT VALUES ('a1', 6, 9.4) INTO my_table"",""INSERT INTO my_table VALUES ('a1', 6, 9.4)"",""APPEND INTO my_table VALUES ('a1', 6, 9.4)""]",3,追記は INSERT INTO <table> VALUES (...)。UPDATE は既存行の更新、INSERT の語順違いや APPEND INTO は無効な構文。,DML の基本：INSERT INTO（追記）、INSERT OVERWRITE（上書き）、UPDATE（既存行の更新）、DELETE（削除）、MERGE INTO（upsert）。追記の正しい語順は INSERT INTO <table> VALUES (...)。APPEND INTO のような構文は存在しない。
17,transformation,ソース src を key で突合し、一致すれば更新・無ければ挿入（upsert）したい。正しい構文の骨子はどれか。,"[""MERGE INTO tgt USING src ON tgt.id = src.id WHEN MATCHED THEN UPDATE SET * WHEN NOT MATCHED THEN INSERT *"",""UPSERT INTO tgt USING src ON tgt.id = src.id"",""INSERT OR UPDATE INTO tgt FROM src ON id"",""MERGE tgt WITH src WHERE tgt.id = src.id"",""REPLACE INTO tgt USING src ON tgt.id = src.id""]",0,upsert は MERGE INTO ... USING ... ON ... WHEN MATCHED THEN UPDATE ... WHEN NOT MATCHED THEN INSERT ... の構文。UPSERT / INSERT OR UPDATE / REPLACE INTO のような構文は存在しない。,MERGE INTO は upsert（更新＋挿入）や SCD（緩やかに変化する次元）を実装する中心構文。MERGE INTO tgt USING src ON <条件> の後に WHEN MATCHED THEN UPDATE/DELETE、WHEN NOT MATCHED THEN INSERT を並べる。UPSERT や INSERT OR UPDATE といった単語は Databricks SQL には無い。
18,transformation,Lakeflow Declarative Pipelines で、追記のみの生データを増分取り込みする Bronze と、複数テーブルを結合・集計して都度最新化する Gold を作る。適切なオブジェクトの組み合わせはどれか。,"[""Bronze=マテリアライズドビュー、Gold=ストリーミングテーブル"",""Bronze=ストリーミングテーブル、Gold=マテリアライズドビュー"",""両方ともストリーミングテーブル"",""両方ともマテリアライズドビュー"",""Bronze=通常ビュー、Gold=ストリーミングテーブル""]",1,追記の増分取り込みはストリーミングテーブル、結合・集計して最新結果を保持するのはマテリアライズドビューが適切。集計結果をストリーミングテーブルにするのは一般に不向き。,Gold層オブジェクトの違い：ストリーミングテーブル＝追記データを増分処理して蓄積（Structured Streaming ベース、取り込み・追記中心）。マテリアライズドビュー＝クエリ（結合・集計）の結果を事前計算して保持し、増分リフレッシュで最新化（BI高速化）。通常ビュー＝毎回再計算で結果を保持しない。
19,transformation,Lakeflow Declarative Pipelines で、ts が NULL の行を破棄しつつパイプラインは継続させたい。正しい期待値（expectation）の定義はどれか。,"[""CONSTRAINT valid_ts EXPECT (ts IS NOT NULL) ON VIOLATION DROP ROW"",""CONSTRAINT valid_ts CHECK (ts IS NOT NULL) ON FAIL DROP"",""EXPECT valid_ts WHERE ts IS NOT NULL DROP"",""CONSTRAINT valid_ts EXPECT (ts IS NOT NULL) ON VIOLATION FAIL UPDATE"",""ASSERT ts IS NOT NULL ON VIOLATION DROP ROW""]",0,期待値は CONSTRAINT <名> EXPECT (<条件>) [ON VIOLATION DROP ROW | FAIL UPDATE]。DROP ROW は違反行を破棄して継続、FAIL UPDATE はパイプラインを失敗させる。CHECK / ASSERT / WHERE 構文は誤り。,期待値（expectation）はパイプラインのデータ品質ルール。構文は CONSTRAINT <名> EXPECT (<条件>) [ON VIOLATION <アクション>]。ON VIOLATION の選択肢は、既定（違反を記録するが行は保持）／DROP ROW（違反行を破棄して継続）／FAIL UPDATE（違反があればパイプラインを失敗させる）。SQL の CHECK 制約や ASSERT とは別物。
20,transformation,大テーブルと約200MBの中テーブルの結合が遅く、Spark UI で大量シャッフルが見える。中テーブルは既定の autoBroadcastJoinThreshold（10MB）を超えるためブロードキャストされない。手動でブロードキャスト結合にする方法はどれか。,"[""broadcast(mid_df) を使う（from pyspark.sql.functions import broadcast）"",""spark.sql.shuffle.partitions を 1 にする"",""mid_df.cache() すれば自動的にブロードキャストされる"",""mid_df.repartition(1) すればブロードキャストになる"",""mid_df.persist(StorageLevel.DISK_ONLY) を指定する""]",0,閾値を超える表を明示的にブロードキャストするには broadcast() ヒントを使う（または autoBroadcastJoinThreshold を引き上げる）。cache / persist / repartition はブロードキャストを発生させず、shuffle.partitions=1 はむしろ危険。,ブロードキャスト結合は、小さい表を全 executor に配布して大きい表のシャッフルを回避する結合方式。spark.sql.autoBroadcastJoinThreshold（既定10MB）以下は自動適用され、超える場合は broadcast(df) ヒントで明示できる。cache/persist は再計算の回避、repartition はパーティション数変更で、いずれもブロードキャスト化はしない。
21,transformation,全列が完全に重複する行を1件に集約したい。正しいものはどれか。,"[""df.dropDuplicates()"",""df.distinct()"",""df.drop('duplicates')"",""df.groupBy().count()"",""A も B も正しい（全列対象なら等価）""]",4,全列対象なら df.dropDuplicates()（引数なし）と df.distinct() は等価に重複を除去する。drop('duplicates') は列削除、groupBy().count() は件数集計で重複除去ではない。,"重複除去：distinct() は全列一致の重複を除去。dropDuplicates() は引数なしなら distinct() と等価、dropDuplicates(['col1','col2']) のように部分列を指定すると、その列の組み合わせで重複を除去できる（部分列指定は distinct では不可）。drop() は列の削除、groupBy().count() は集計で用途が別。"
22,transformation,左テーブルの全行を残し、右テーブルに一致が無い行は右側の列を NULL で埋めたい。適切な結合はどれか。,"[""inner join"",""left (outer) join"",""right (outer) join"",""left semi join"",""left anti join""]",1,左を全件残し右不一致をNULLにするのは left outer join。inner は一致のみ、right は右基準、left semi は左のうち一致する行のみ（右列は返さない）、left anti は左のうち一致しない行のみ。,結合の種類：inner（両方一致のみ）、left outer（左を全件・右不一致はNULL）、right outer（右を全件）、full outer（両方全件）、left semi（左のうち右に一致がある行だけ・右の列は返さない）、left anti（左のうち右に一致が無い行だけ）、cross（直積）。
23,jobs,下流タスク finalize を、上流タスクが『1つも失敗していない（スキップは許容）』場合に実行したい。依存条件（run if）に設定すべき値はどれか。,"[""ALL_SUCCESS"",""ALL_DONE"",""NONE_FAILED"",""AT_LEAST_ONE_SUCCESS"",""AT_LEAST_ONE_FAILED""]",2,NONE_FAILED は依存が全て完了し失敗が1つも無ければ実行（スキップは許容）。ALL_SUCCESS は成功のみ（スキップも不可）、ALL_DONE は成否問わず、AT_LEAST_ONE_SUCCESS/FAILED は別条件。,Lakeflow Jobs の「run if（依存条件）」一覧：ALL_SUCCESS（全依存が成功・既定）、ALL_DONE（成否問わず全て完了）、NONE_FAILED（失敗が1つも無い＝スキップは許容）、AT_LEAST_ONE_SUCCESS（1つ以上成功）、AT_LEAST_ONE_FAILED（1つ以上失敗）。分岐や後処理の実行条件を細かく制御できる。
24,jobs,上流タスクの成否に関わらず、必ず実行したい通知タスクがある。依存条件（run if）に設定すべき値はどれか。,"[""ALL_SUCCESS"",""ALL_DONE"",""NONE_FAILED"",""AT_LEAST_ONE_SUCCESS"",""AT_LEAST_ONE_FAILED""]",1,成否を問わず必ず実行は ALL_DONE。ALL_SUCCESS/NONE_FAILED は失敗時に実行されず、AT_LEAST_ONE_* は特定条件のみ。,ALL_DONE は上流タスクが成功・失敗・スキップのいずれで終わっても、全て「完了」しさえすれば下流を実行する。クリーンアップ、通知、後片付けなど「必ず走らせたい」タスクに使う。ALL_SUCCESS（既定）だと上流が1つでも失敗すると下流はスキップされる点と対比して覚える。
25,jobs,上流の Delta テーブルが更新されたタイミングでジョブを起動したい（cron の空振りは避けたい）。Lakeflow Jobs のトリガー種別はどれか。,"[""スケジュール（cron）トリガー"",""ファイル到着（file arrival）トリガー"",""テーブル更新（table update）トリガー"",""連続（continuous）トリガー"",""Webhook トリガー""]",2,Lakeflow Jobs のトリガーは scheduled / file arrival / table update。テーブル更新起動には table update トリガーを使う。continuous は常時稼働、file arrival はファイル用。,Lakeflow Jobs のトリガー種別：scheduled（時刻/cron の時間ベース）、file arrival（指定ロケーションへのファイル到着）、table update（指定テーブルの更新）。file arrival と table update は「データ駆動トリガー」で、データが揃った時だけ起動でき、cron の空振りや遅延を避けられる。continuous は常時稼働のストリーミング実行モード。
26,jobs,10タスクのジョブが7番目のタスクで失敗した。原因を修正した後、成功済みの1〜6を再実行せず、7番目以降だけを流し直したい。最適な操作はどれか。,"[""ジョブ全体を最初から再実行する"",""Repair run（修復実行）で失敗・未実行タスクのみ再実行する"",""ジョブを削除して新規に作り直す"",""クラスターを再起動する"",""各タスクを手動でノートブックから順に実行する""]",1,Repair run は失敗/未実行タスクだけを再実行し、成功済みタスクをスキップできる。全体再実行や作り直しは無駄が多い。,Repair run（修復実行）は、失敗した実行に対して失敗・未実行のタスクだけを再実行し、既に成功したタスクの結果を再利用する機能。時間とコストを節約でき、非冪等な処理の二重実行も避けられる。マルチタスクジョブのDAG（依存グラフ）が前提。
27,jobs,あるタスクで計算した値を、同一ジョブの後続タスクへ渡したい。Lakeflow Jobs の正しい仕組みはどれか。,"[""dbutils.jobs.taskValues.set() / get()（タスク値）を使う"",""Python のグローバル変数に代入して参照する"",""ドライバのローカルファイルに書いて後続で読む"",""print してログから値を拾う"",""タスク間で値は一切共有できない""]",0,タスク間の値受け渡しは dbutils.jobs.taskValues.set()/get()（タスク値）で行う。グローバル変数やローカルファイルは別タスク（別実行環境）に共有されない。,"タスク値（task values）は dbutils.jobs.taskValues.set(key, value) で保存し、後続タスクで dbutils.jobs.taskValues.get(taskKey, key) で取得する、タスク間の値受け渡し機構。各タスクは別のプロセス/クラスタで動くため、Python のグローバル変数やドライバのローカルファイルは共有されない。ジョブパラメータは実行時の入力値で用途が別。"
28,jobs,外部連携が『毎日おおよそ2〜5時の不定時刻』に1ファイルを配置する。処理を確実かつ無駄なく起動するには、どのトリガーが最適か。,"[""03:00 の cron で固定起動"",""05:00 の cron で固定起動"",""1分ごとの cron でポーリングし続ける"",""ファイル到着（file arrival）トリガー"",""continuous トリガーで常時稼働させる""]",3,到着時刻が不定なので、ファイル到着トリガーが最も確実かつ無駄がない。固定cronは早すぎると未到着、遅すぎると遅延。1分ポーリングやcontinuousはコストが増える。,トリガー選択の指針：到着時刻が固定なら時間ベース（cron）、不定ならデータ駆動（ファイル到着/テーブル更新）が適切。データ駆動トリガーは「データが揃った時だけ」起動するため、空振り実行や到着遅延によるSLA違反を避けられる。高頻度ポーリングや常時稼働はコスト増になりやすい。
29,cicd,CI で、バンドル構成の検証 → dev への配置 → ジョブ実行、の順に自動化したい。正しい Databricks CLI コマンドの順序はどれか。,"[""databricks bundle deploy → validate → run"",""databricks bundle validate → deploy → run"",""databricks bundle run → deploy → validate"",""databricks bundle test → deploy"",""git push → databricks bundle run""]",1,validate（検証）→ deploy（配置）→ run（実行）の順。順序違いや test/push だけでは配置・実行は成立しない。,Databricks CLI のバンドル系サブコマンド：validate（databricks.yml の構文・構成を検証）、deploy（リソースを対象ターゲットへ配置）、run（配置済みジョブ/パイプラインを実行）、destroy（配置を削除）。CI/CD では validate → deploy →（必要なら）run の流れが定石。
30,cicd,databricks.yml で、dev は小さいクラスタと dev カタログ、prod は大きいクラスタと prod カタログを使いたい。単一コードベースで実現する正しい方法はどれか。,"[""targets 配下に dev/prod を定義し、各ターゲットで variables やリソースの overrides を指定する"",""環境ごとに別の databricks.yml をコピーして手で保守する"",""prod の値をハードコードし dev でも同じ値を使う"",""ノートブック内で if env=='prod' を大量に分岐させる"",""変数機能は使わずコメントで区別する""]",0,バンドルの targets（dev/prod 等）ごとに変数・オーバーライドを定義し、同一コードで環境差を吸収する。コピー保守やハードコードは再現性を損なう。,Automation Bundle の targets は dev/test/prod などの環境を表し、各ターゲットで variables（変数）や resources の overrides（上書き）を定義して環境差（カタログ名、クラスタサイズ、スケジュール等）を吸収する。1つのコードベースを各環境へ再現可能に昇格（promote）できるのがバンドルの要。
31,cicd,Automation Bundle（旧 Databricks Asset Bundles）が、従来の手動デプロイ（UI操作/手動エクスポート）に対して持つ利点として、誤っているものはどれか。,"[""ジョブ・パイプライン等をコードとして版管理できる"",""dev/test/prod へ再現可能に昇格できる"",""CLI から CI で自動デプロイできる"",""デプロイのたびに手作業での微調整が必要になる"",""環境差を変数・オーバーライドで吸収できる""]",3,バンドルの利点はコード化・再現性・自動化・環境差の吸収。『毎回手作業で微調整が必要』は利点ではなく、むしろ従来手法の欠点。,Automation Bundle（旧 Databricks Asset Bundles / DAB）は、ジョブ・パイプライン・ノートブック等の定義を YAML（databricks.yml）でコード化する IaC の仕組み。利点は「版管理できる／CIから自動デプロイできる／dev-test-prod へ再現可能に昇格できる／環境差を変数で吸収できる」。手作業の微調整が要るのは従来の手動デプロイの欠点。
32,cicd,Databricks Repos（Git 統合）に関する説明として、誤っているものはどれか。,"[""ブランチの作成・切替ができる"",""コミット・プッシュができる"",""Gitプロバイダ上でプルリクエストを作成できる"",""ワークスペースUIから変更を管理できる"",""外部Gitと同期せず、Databricks 独自のGit履歴だけで完全独立運用する""]",4,Repos は外部Gitプロバイダと同期して動作する（独自Git履歴での独立運用ではない）。ブランチ操作・コミット・プッシュ・PR作成は可能。,Databricks Repos（Git フォルダ）は、GitHub/GitLab/Azure DevOps などの外部 Git プロバイダと連携する機能。ワークスペースUIからブランチ作成・切替、コミット、プッシュ、プルリク作成ができ、開発ワークフローをコードとして管理する。あくまで外部Gitと同期する仕組みで、独自の閉じたGitではない。
33,cicd,Automation Bundle の databricks.yml に定義する要素として、含まれないものはどれか。,"[""bundle（名前などのメタ情報）"",""targets（dev/prod などの環境）"",""resources（jobs, pipelines など）"",""variables（変数）"",""クラスターの物理ホスト名やIPアドレス""]",4,バンドルは bundle / targets / resources / variables などを宣言的に定義する。物理ホスト名やIPは扱わない（コンピュートは論理的に指定する）。,"databricks.yml の主な構成要素：bundle（名前などのメタ）、targets（dev/test/prod 環境）、resources（jobs, pipelines, experiments 等のワークスペース資産）、variables（変数）、artifacts（ビルド成果物）。コンピュートはクラスタ仕様として論理的に記述し、物理ホスト名やIPは扱わない。"
34,cicd,バンドルを prod ターゲットへ配置する、正しい Databricks CLI コマンドはどれか。,"[""databricks bundle deploy -t prod"",""databricks deploy bundle prod"",""databricks bundle push prod"",""databricks bundle release --env prod"",""databricks jobs deploy --prod""]",0,databricks bundle deploy -t/--target prod が正しい。push / release / deploy bundle / jobs deploy のような語順・サブコマンドは誤り。,配置コマンドは databricks bundle deploy で、対象環境は -t（--target）フラグで指定する（例：-t prod）。ターゲットは databricks.yml の targets に定義しておく。push / release といったサブコマンドは存在しない。
35,monitoring,Liquid Clustering に関する説明として、誤っているものはどれか。,"[""CLUSTER BY (col) で有効化し、パーティショニング＋ZORDER を置き換える"",""クラスタリングキーは後から変更でき、既存データの全書き換えは不要"",""OPTIMIZE を実行するとクラスタリングが適用・維持される"",""PARTITIONED BY と同じ列で必ず併用しなければならない"",""高カーディナリティ列やアクセスパターンが変化するケースに向く""]",3,Liquid Clustering はパーティショニングを置き換えるもので、PARTITIONED BY との必須併用はない（むしろ併用しない）。他の記述は正しい。,Liquid Clustering は Delta のデータレイアウト最適化機能で、CLUSTER BY (cols) で指定する。従来のパーティショニング＋ZORDER を置き換え、クラスタリングキーを後から変更しても既存データの全書き換えが不要（柔軟）。OPTIMIZE でクラスタリングが適用・維持される。CLUSTER BY AUTO で自動選択も可能。PARTITIONED BY との併用は不要。
36,monitoring,あるステージで、大半のタスクは数秒で終わるが1タスクだけ10分かかり、そのタスクの入力レコード数だけ突出している。最も可能性が高い原因と対策はどれか。,"[""データスキュー。ソルティングやスキュー結合の最適化、AQE 有効化で緩和する"",""ドライバ不足。ドライバを大型化すれば必ず解決する"",""ネットワーク遅延。リトライすれば解決する"",""ディスク不足。VACUUM を実行すれば解決する"",""乱数シードの問題。シードを固定すれば解決する""]",0,特定タスクだけ入力・実行時間が突出＝データスキュー。ソルティング、スキュー対応結合、AQEのスキュー結合最適化で緩和する。ドライバ大型化やVACUUM等は無関係。,データスキュー＝特定キーにデータが偏り、担当パーティション（＝1タスク）だけが極端に重くなる現象。Spark UI ではステージ内のタスク時間・入力サイズのばらつきで診断する。対策は AQE（適応的クエリ実行）のスキュー結合最適化、ソルティング（キーに乱数を付加して分散）、broadcast 化など。
37,monitoring,Spark UI で shuffle spill（memory/disk）が大量に発生している。緩和策として最も効果が薄いものはどれか。,"[""spark.sql.shuffle.partitions を増やして1タスクのデータ量を減らす"",""不要な列を早めに drop してシャッフルデータ量を減らす"",""executor のメモリを増やす"",""AQE を有効化してパーティションを最適化する"",""クラスターの auto-termination（自動終了）を無効化する""]",4,spill 対策はパーティション調整・データ量削減・メモリ増強・AQE。auto-termination の無効化はコストが増えるだけで spill 緩和とは無関係。,spill（スピル）＝シャッフルや集計の中間データが executor のメモリに収まらず、ディスクへ退避される現象で、性能低下の兆候。対策は1タスクあたりのデータ量を減らす（パーティション数調整、不要列の早期削除、フィルタの前倒し）、メモリ増強、AQE による最適化など。auto-termination はアイドル時にクラスタを止める課金対策で、spill とは無関係。
38,monitoring,あるジョブの実行時間が『先週まで約5分、今週は約30分』に悪化した。原因調査の第一歩として最も適切なのはどれか。,"[""Lakeflow Jobs の run history で過去実行と比較し、遅くなったタスク/時期を特定する"",""まずクラスターを2倍のサイズにする"",""ジョブを削除して作り直す"",""Git のコミットログだけを確認する"",""全タスクのコードをゼロから書き直す""]",0,まず run history で過去と比較し、どのタスクがいつから遅くなったかを切り分けるのが定石。増強や作り直しは原因特定前の過剰対応。,Lakeflow Jobs の run history（実行履歴）ビューは、過去の実行時間・成否・各タスクの所要時間を一覧・比較できる。まずここで「いつから・どのタスクが」遅くなったかを特定（ベースライン比較）し、必要に応じて Spark UI でボトルネックを深掘りするのがトラブルシュートの定石。原因特定前の増強や作り直しは非効率。
39,monitoring,Predictive Optimization を有効化した。期待できる挙動として正しいものはどれか。,"[""UC管理テーブルに対し、Databricks が必要に応じて OPTIMIZE / VACUUM 等を自動実行する"",""すべてのクエリが必ず2倍速になる"",""クラスターのVM料金が無料になる"",""Auto Loader が不要になる"",""すべてのテーブルが自動的に外部テーブルになる""]",0,Predictive Optimization は UC管理テーブルのメンテナンス（OPTIMIZE/VACUUM 等）を自動判断・自動実行する。クエリが必ず倍速、料金無料、取り込み不要などは誤り。,Predictive Optimization（予測的最適化）は、Unity Catalog 管理テーブルに対し、どのテーブルにいつ OPTIMIZE（ファイルのコンパクション）や VACUUM（不要ファイル削除）等のメンテナンスを行うべきかを Databricks が学習・自動実行する機能。手動のメンテナンス運用を不要にする。OPTIMIZE は小ファイルをまとめてクエリを速くし、VACUUM は古い未参照ファイルを削除してストレージを節約する。
40,monitoring,executor の out-of-memory（OOM）が頻発している。原因として最も関係が薄いものはどれか。,"[""巨大パーティション（スキュー）で1タスクのデータが過大"",""collect() で大量データをドライバ側に集約している"",""過大な broadcast で各 executor のメモリを圧迫している"",""UDF 内で巨大なオブジェクトを大量生成している"",""テーブル名にマルチバイト文字を使っている""]",4,OOM はデータ量過多・collect・過大 broadcast・UDF のメモリ大量消費などが原因。テーブル名の文字種はメモリ使用と無関係。,OOM（メモリ不足）の主因：スキューによる巨大パーティション、collect()/toPandas() で大量データをドライバに集約、閾値超えの broadcast による executor メモリ圧迫、UDF 内での大量オブジェクト生成など。なお collect 系はドライバ OOM、シャッフル/broadcast は executor OOM を招きやすい点も区別する。テーブル名の文字種はメモリ使用量に無関係。
41,governance,analysts グループに、スキーマ sales_data の読み取り専用アクセスを付与したい（USE CATALOG / USE SCHEMA は付与済み）。正しいSQLはどれか。,"[""GRANT ALL PRIVILEGES ON SCHEMA sales_data TO analysts;"",""GRANT SELECT ON SCHEMA sales_data TO analysts;"",""GRANT INSERT ON SCHEMA sales_data TO analysts;"",""GRANT USAGE ON SCHEMA sales_data TO analysts;"",""GRANT READ ON SCHEMA sales_data TO analysts;""]",1,スキーマ配下の読み取りは GRANT SELECT ON SCHEMA。ALL PRIVILEGES は過剰、INSERT は書き込み、USAGE は使用権のみで読み取りにならず、READ という権限名は無い。,Unity Catalog の権限はメタストア→カタログ→スキーマ→テーブルの階層で、上位に USE CATALOG / USE SCHEMA（＝旧 USAGE、その階層を「使える」権限）が必要。実データの読み取りは SELECT。スキーマに SELECT を付与すると配下テーブルに継承される。最小権限の原則に沿い、ALL PRIVILEGES の乱用は避ける。READ という権限名は存在しない。
42,governance,email 列を、pii_reader グループ以外にはマスク表示したい。Unity Catalog での正しい適用手順はどれか。,"[""マスク用の SQL UDF を作成し、ALTER TABLE t ALTER COLUMN email SET MASK mask_func で適用する"",""CREATE MASK ON t.email FOR pii_reader"",""ALTER TABLE t ALTER COLUMN email ENCRYPT"",""GRANT MASK ON t.email TO pii_reader"",""動的ビューを作り、元テーブルは全員から REVOKE する""]",0,列マスクは SQL UDF（マスク関数）を作り、ALTER TABLE ... ALTER COLUMN ... SET MASK <func> で適用する。CREATE MASK / ENCRYPT / GRANT MASK のような構文は無く、動的ビューは旧来の代替手段で最適ではない。,列マスク（column mask）は、列の値を閲覧者に応じて隠す機能。手順は (1) マスク処理を書いた SQL UDF を作成（例：is_account_group_member('pii_reader') で分岐）、(2) ALTER TABLE ... ALTER COLUMN <col> SET MASK <func> で列に適用。行の可視性を制御する「行フィルタ」と対をなす。CREATE MASK 等の専用DDLは無い。
43,governance,外部テーブル ext_t（LOCATION 指定）とマネージドテーブル mng_t がある。それぞれ DROP TABLE したときの挙動として正しいものはどれか。,"[""ext_t はメタデータのみ削除しデータは残る / mng_t はメタデータとデータの両方を削除"",""両方ともデータも削除される"",""両方ともメタデータのみ削除される"",""ext_t は両方削除 / mng_t はメタデータのみ削除"",""どちらも DROP できない""]",0,外部テーブルは DROP でメタデータのみ削除され、データは外部ロケーションに残る。マネージドテーブルは DROP でデータも削除される。,マネージドテーブル＝データもメタデータもUCが管理し、DROP するとデータファイルも削除される。外部テーブル＝LOCATION で指定した外部の場所のデータを参照するだけで、DROP してもメタデータのみ削除されデータは残る。既存データを他システムと共有する場合は外部テーブル、UCに委ねる場合はマネージドテーブルを選ぶ。
44,governance,全社の数百テーブルで『pii タグの付いた列は既定でマスクし、解除は限定グループのみ』を、最小の運用負荷で一元管理したい。最適なアプローチはどれか。,"[""Unity Catalog の ABAC ポリシーを定義し、タグ条件で列マスク/行フィルタを横断適用する"",""テーブルごとにマスクUDFを手作業で SET MASK する"",""テーブルごとに動的ビューを作成する"",""全ユーザーから SELECT を REVOKE する"",""列を物理的に暗号化して保存する""]",0,タグ＋ABACポリシーで多数オブジェクトへ横断的にマスク/行フィルタを一元適用でき、運用が最小。個別 SET MASK やビュー量産は規模的に破綻し、物理暗号化は条件付き表示の要件に合わない。,ABAC（属性ベースのアクセス制御）は、オブジェクトに付与したタグ（属性）とポリシーを組み合わせ、多数のテーブル/列へ横断的に行フィルタ・列マスクを一元適用する仕組み。「pii タグの列は自動でマスク」のようなルールを一度定義すれば全社に効く。個別 GRANT や個別マスク、動的ビューの量産は規模が大きいと運用が破綻する。
45,governance,同一テーブルで、営業担当が自分の region の行だけを閲覧できるようにしたい。Unity Catalog での実現方法はどれか。,"[""行フィルタ用の SQL UDF を作り、ALTER TABLE t SET ROW FILTER filter_func ON (region) で適用する"",""各クエリに WHERE region = ... を手で書かせる運用にする"",""region ごとにテーブルを物理分割し、個別に GRANT する"",""region 列に列マスクを適用する"",""GRANT SELECT ON ROW ... という専用構文を使う""]",0,行レベルセキュリティは、行フィルタ UDF を作り ALTER TABLE ... SET ROW FILTER ... ON (col) で適用する。列マスクは列の値を隠す機能で行制御ではない。手書きWHEREや物理分割は運用が破綻し、GRANT SELECT ON ROW のような構文は存在しない。,行フィルタ（row filter＝行レベルセキュリティ）は、閲覧者に応じて見える「行」を制限する機能。手順は (1) 真偽を返す SQL UDF を作成（例：所属 region と行の region を比較）、(2) ALTER TABLE ... SET ROW FILTER <func> ON (<col>) で適用。列の値を隠す「列マスク」と対で、両方 UDF ベースで UC が一元管理する。
